{
    "accuracy": 0.9547101449275363,
    "precision": 0.8888888888888888,
    "recall": 0.7164179104477612,
    "auc": 0.915371595630097
}